Objet1,0,Normal,gamedata\Tile.png,1,1,N,1,Open,,Objet
Objet2,1,Normal,gamedata\Tile.png,2,1,N,1,Open,,Objet
Objet3,2,Normal,gamedata\Tile.png,3,1,N,1,Open,,Objet
Objet4,3,Normal,gamedata\Tile.png,4,1,N,1,Open,,Objet
Objet5,4,Normal,gamedata\Tile.png,5,1,N,1,Open,,Objet
Objet6,5,Normal,gamedata\Tile.png,6,1,N,1,Open,,Objet
Objet7,6,Normal,gamedata\Tile.png,7,1,N,1,Open,,Objet
Objet8,7,Normal,gamedata\Tile.png,8,1,N,1,Open,,Objet
Objet9,8,Normal,gamedata\Tile.png,9,1,N,1,Open,,Objet
Objet10,9,Normal,gamedata\Tile.png,10,1,N,1,Open,,Objet
Objet11,10,Normal,gamedata\Tile.png,11,1,N,1,Open,,Objet
Objet12,11,Normal,gamedata\Tile.png,12,1,N,1,Open,,Objet
Objet13,12,Normal,gamedata\Tile.png,13,1,N,1,Block,,Objet
Objet14,13,Normal,gamedata\Tile.png,14,1,N,1,Block,,Objet
Objet15,14,Normal,gamedata\Tile.png,15,1,N,1,Open,,Objet
Objet16,15,Normal,gamedata\Tile.png,16,1,N,1,Open,,Objet
Objet17,16,Normal,gamedata\Tile.png,17,1,N,1,Open,,Objet
Objet18,17,Normal,gamedata\Tile.png,18,1,N,1,Open,,Objet
Objet19,18,Normal,gamedata\Tile.png,19,1,N,1,Open,,Objet
Objet20,19,Normal,gamedata\Tile.png,20,1,N,1,Open,,Objet
Objet21,20,Normal,gamedata\Tile.png,1,2,N,1,Open,,Objet
Objet22,21,Normal,gamedata\Tile.png,2,2,N,1,Open,,Objet
Objet23,22,Normal,gamedata\Tile.png,3,2,N,1,Open,,Objet
Objet24,23,Normal,gamedata\Tile.png,4,2,N,1,Open,,Objet
Objet25,24,Normal,gamedata\Tile.png,5,2,N,1,Open,,Objet
Objet26,25,Normal,gamedata\Tile.png,6,2,N,1,Open,,Objet
Objet27,26,Normal,gamedata\Tile.png,7,2,N,1,Open,,Objet
Objet28,27,Normal,gamedata\Tile.png,8,2,N,1,Open,,Objet
Objet29,28,Normal,gamedata\Tile.png,9,2,N,1,Open,,Objet
Objet30,29,Normal,gamedata\Tile.png,10,2,N,1,Open,,Objet
Objet31,30,Normal,gamedata\Tile.png,11,2,N,1,Open,,Objet
Objet32,31,Normal,gamedata\Tile.png,12,2,N,1,Open,,Objet
Objet33,32,Normal,gamedata\Tile.png,13,2,N,1,Block,,Objet
Objet34,33,Normal,gamedata\Tile.png,14,2,N,1,Block,,Objet
Objet35,34,Normal,gamedata\Tile.png,15,2,N,1,Open,,Objet
Objet36,35,Normal,gamedata\Tile.png,16,2,N,1,Open,,Objet
Objet37,36,Normal,gamedata\Tile.png,17,2,N,1,Open,,Objet
Objet38,37,Normal,gamedata\Tile.png,18,2,N,1,Open,,Objet
Objet39,38,Normal,gamedata\Tile.png,19,2,N,1,Open,,Objet
Objet40,39,Normal,gamedata\Tile.png,20,2,N,1,Open,,Objet
Objet41,40,Normal,gamedata\Tile.png,1,3,N,1,Open,,Objet
Objet42,41,Normal,gamedata\Tile.png,2,3,N,1,Open,,Objet
Objet43,42,Normal,gamedata\Tile.png,3,3,N,1,Open,,Objet
Objet44,43,Normal,gamedata\Tile.png,4,3,N,1,Open,,Objet
Objet45,44,Normal,gamedata\Tile.png,5,3,N,1,Open,,Objet
Objet46,45,Normal,gamedata\Tile.png,6,3,N,1,Open,,Objet
Objet47,46,Normal,gamedata\Tile.png,7,3,N,1,Open,,Objet
Objet48,47,Normal,gamedata\Tile.png,8,3,N,1,Open,,Objet
Objet49,48,Normal,gamedata\Tile.png,9,3,N,1,Open,,Objet
Objet50,49,Normal,gamedata\Tile.png,10,3,N,1,Open,,Objet
Objet51,50,Normal,gamedata\Tile.png,11,3,N,1,Open,,Objet
Objet52,51,Normal,gamedata\Tile.png,12,3,N,1,Open,,Objet
Objet53,52,Normal,gamedata\Tile.png,13,3,N,1,Block,,Objet
Objet54,53,Normal,gamedata\Tile.png,14,3,N,1,Block,,Objet
Objet55,54,Normal,gamedata\Tile.png,15,3,N,1,Open,,Objet
Objet56,55,Normal,gamedata\Tile.png,16,3,N,1,Open,,Objet
Objet57,56,Normal,gamedata\Tile.png,17,3,N,1,Open,,Objet
Objet58,57,Normal,gamedata\Tile.png,18,3,N,1,Open,,Objet
Objet59,58,Normal,gamedata\Tile.png,19,3,N,1,Open,,Objet
Objet60,59,Normal,gamedata\Tile.png,20,3,N,1,Open,,Objet
Objet61,60,Normal,gamedata\Tile.png,1,4,N,1,Block,,Objet
Objet62,61,Normal,gamedata\Tile.png,2,4,N,1,Block,,Objet
Objet63,62,Normal,gamedata\Tile.png,3,4,N,1,Block,,Objet
Objet64,63,Normal,gamedata\Tile.png,4,4,N,1,Block,,Objet
Objet65,64,Normal,gamedata\Tile.png,5,4,N,1,Block,,Objet
Objet66,65,Normal,gamedata\Tile.png,6,4,N,1,Block,,Objet
Objet67,66,Normal,gamedata\Tile.png,7,4,N,1,Block,,Objet
Objet68,67,Normal,gamedata\Tile.png,8,4,N,1,Block,,Objet
Objet69,68,Normal,gamedata\Tile.png,9,4,N,1,Block,,Objet
Objet70,69,Normal,gamedata\Tile.png,10,4,N,1,Block,,Objet
Objet71,70,Normal,gamedata\Tile.png,11,4,N,1,Block,,Objet
Objet72,71,Normal,gamedata\Tile.png,12,4,N,1,Block,,Objet
Objet73,72,Normal,gamedata\Tile.png,13,4,N,1,Block,,Objet
Objet74,73,Normal,gamedata\Tile.png,14,4,N,1,Block,,Objet
Objet75,74,Normal,gamedata\Tile.png,15,4,N,1,Block,,Objet
Objet76,75,Normal,gamedata\Tile.png,16,4,N,1,Block,,Objet
Objet77,76,Normal,gamedata\Tile.png,17,4,N,1,Open,,Objet
Objet78,77,Normal,gamedata\Tile.png,18,4,N,1,Open,,Objet
Objet79,78,Normal,gamedata\Tile.png,19,4,N,1,Open,,Objet
Objet80,79,Normal,gamedata\Tile.png,20,4,N,1,Open,,Objet
Objet81,80,Normal,gamedata\Tile.png,1,5,N,1,Block,,Objet
Objet82,81,Normal,gamedata\Tile.png,2,5,N,1,Block,,Objet
Objet83,82,Normal,gamedata\Tile.png,3,5,N,1,Block,,Objet
Objet84,83,Normal,gamedata\Tile.png,4,5,N,1,Block,,Objet
Objet85,84,Normal,gamedata\Tile.png,5,5,N,1,Block,,Objet
Objet86,85,Normal,gamedata\Tile.png,6,5,N,1,Block,,Objet
Objet87,86,Normal,gamedata\Tile.png,7,5,N,1,Block,,Objet
Objet88,87,Normal,gamedata\Tile.png,8,5,N,1,Block,,Objet
Objet89,88,Normal,gamedata\Tile.png,9,5,N,1,Block,,Objet
Objet90,89,Normal,gamedata\Tile.png,10,5,N,1,Block,,Objet
Objet91,90,Normal,gamedata\Tile.png,11,5,N,1,Block,,Objet
Objet92,91,Normal,gamedata\Tile.png,12,5,N,1,Block,,Objet
Objet93,92,Normal,gamedata\Tile.png,13,5,N,1,Block,,Objet
Objet94,93,Normal,gamedata\Tile.png,14,5,N,1,Block,,Objet
Objet95,94,Normal,gamedata\Tile.png,15,5,N,1,Block,,Objet
Objet96,95,Normal,gamedata\Tile.png,16,5,N,1,Block,,Objet
Objet97,96,Normal,gamedata\Tile.png,17,5,N,1,Open,,Objet
Objet98,97,Normal,gamedata\Tile.png,18,5,N,1,Open,,Objet
Objet99,98,Normal,gamedata\Tile.png,19,5,N,1,Open,,Objet
Objet100,99,Normal,gamedata\Tile.png,20,5,N,1,Open,,Objet
Objet101,100,Normal,gamedata\Tile.png,1,6,N,1,Open,,Objet
Objet102,101,Normal,gamedata\Tile.png,2,6,N,1,Open,,Objet
Objet103,102,Normal,gamedata\Tile.png,3,6,N,1,Open,,Objet
Objet104,103,Normal,gamedata\Tile.png,4,6,N,1,Open,,Objet
Objet105,104,Normal,gamedata\Tile.png,5,6,N,1,Open,,Objet
Objet106,105,Normal,gamedata\Tile.png,6,6,N,1,Open,,Objet
Objet107,106,Normal,gamedata\Tile.png,7,6,N,1,Open,,Objet
Objet108,107,Normal,gamedata\Tile.png,8,6,N,1,Open,,Objet
Objet109,108,Normal,gamedata\Tile.png,9,6,N,1,Open,,Objet
Objet110,109,Normal,gamedata\Tile.png,10,6,N,1,Open,,Objet
Objet111,110,Normal,gamedata\Tile.png,11,6,N,1,Open,,Objet
Objet112,111,Normal,gamedata\Tile.png,12,6,N,1,Open,,Objet
Objet113,112,Normal,gamedata\Tile.png,13,6,N,1,Open,,Objet
Objet114,113,Normal,gamedata\Tile.png,14,6,N,1,Open,,Objet
Objet115,114,Normal,gamedata\Tile.png,15,6,N,1,Open,,Objet
Objet116,115,Normal,gamedata\Tile.png,16,6,N,1,Open,,Objet
Objet117,116,Normal,gamedata\Tile.png,17,6,N,1,Open,,Objet
Objet118,117,Normal,gamedata\Tile.png,18,6,N,1,Open,,Objet
Objet119,118,Normal,gamedata\Tile.png,19,6,N,1,Open,,Objet
Objet120,119,Normal,gamedata\Tile.png,20,6,N,1,Open,,Objet
Objet121,120,Normal,gamedata\Tile.png,1,7,N,1,Open,,Objet
Objet122,121,Normal,gamedata\Tile.png,2,7,N,1,Open,,Objet
Objet123,122,Normal,gamedata\Tile.png,3,7,N,1,Open,,Objet
Objet124,123,Normal,gamedata\Tile.png,4,7,N,1,Open,,Objet
Objet125,124,Normal,gamedata\Tile.png,5,7,N,1,Open,,Objet
Objet126,125,Normal,gamedata\Tile.png,6,7,N,1,Open,,Objet
Objet127,126,Normal,gamedata\Tile.png,7,7,N,1,Open,,Objet
Objet128,127,Normal,gamedata\Tile.png,8,7,N,1,Open,,Objet
Objet129,128,Normal,gamedata\Tile.png,9,7,N,1,Open,,Objet
Objet130,129,Normal,gamedata\Tile.png,10,7,N,1,Open,,Objet
Objet131,130,Normal,gamedata\Tile.png,11,7,N,1,Open,,Objet
Objet132,131,Normal,gamedata\Tile.png,12,7,N,1,Open,,Objet
Objet133,132,Normal,gamedata\Tile.png,13,7,N,1,Open,,Objet
Objet134,133,Normal,gamedata\Tile.png,14,7,N,1,Open,,Objet
Objet135,134,Normal,gamedata\Tile.png,15,7,N,1,Open,,Objet
Objet136,135,Normal,gamedata\Tile.png,16,7,N,1,Open,,Objet
Objet137,136,Normal,gamedata\Tile.png,17,7,N,1,Open,,Objet
Objet138,137,Normal,gamedata\Tile.png,18,7,N,1,Open,,Objet
Objet139,138,Normal,gamedata\Tile.png,19,7,N,1,Open,,Objet
Objet140,139,Normal,gamedata\Tile.png,20,7,N,1,Open,,Objet
Objet141,140,Normal,gamedata\Tile.png,1,8,N,1,Open,,Objet
Objet142,141,Normal,gamedata\Tile.png,2,8,N,1,Open,,Objet
Objet143,142,Normal,gamedata\Tile.png,3,8,N,1,Open,,Objet
Objet144,143,Normal,gamedata\Tile.png,4,8,N,1,Open,,Objet
Objet145,144,Normal,gamedata\Tile.png,5,8,N,1,Open,,Objet
Objet146,145,Normal,gamedata\Tile.png,6,8,N,1,Open,,Objet
Objet147,146,Normal,gamedata\Tile.png,7,8,N,1,Open,,Objet
Objet148,147,Normal,gamedata\Tile.png,8,8,N,1,Open,,Objet
Objet149,148,Normal,gamedata\Tile.png,9,8,N,1,Open,,Objet
Objet150,149,Normal,gamedata\Tile.png,10,8,N,1,Open,,Objet
Objet151,150,Normal,gamedata\Tile.png,11,8,N,1,Open,,Objet
Objet152,151,Normal,gamedata\Tile.png,12,8,N,1,Open,,Objet
Objet153,152,Normal,gamedata\Tile.png,13,8,N,1,Open,,Objet
Objet154,153,Normal,gamedata\Tile.png,14,8,N,1,Open,,Objet
Objet155,154,Normal,gamedata\Tile.png,15,8,N,1,Open,,Objet
Objet156,155,Normal,gamedata\Tile.png,16,8,N,1,Open,,Objet
Objet157,156,Normal,gamedata\Tile.png,17,8,N,1,Open,,Objet
Objet158,157,Normal,gamedata\Tile.png,18,8,N,1,Open,,Objet
Objet159,158,Normal,gamedata\Tile.png,19,8,N,1,Open,,Objet
Objet160,159,Normal,gamedata\Tile.png,20,8,N,1,Open,,Objet
Objet161,160,Normal,gamedata\Tile.png,1,9,N,1,Block,,Objet
Objet162,161,Normal,gamedata\Tile.png,2,9,N,1,Block,,Objet
Objet163,162,Normal,gamedata\Tile.png,3,9,N,1,Block,,Objet
Objet164,163,Normal,gamedata\Tile.png,4,9,N,1,Block,,Objet
Objet165,164,Normal,gamedata\Tile.png,5,9,N,1,Block,,Objet
Objet166,165,Normal,gamedata\Tile.png,6,9,N,1,Block,,Objet
Objet167,166,Normal,gamedata\Tile.png,7,9,N,1,Block,,Objet
Objet168,167,Normal,gamedata\Tile.png,8,9,N,1,Block,,Objet
Objet169,168,Normal,gamedata\Tile.png,9,9,N,1,Block,,Objet
Objet170,169,Normal,gamedata\Tile.png,10,9,N,1,Block,,Objet
Objet171,170,Normal,gamedata\Tile.png,11,9,N,1,Block,,Objet
Objet172,171,Normal,gamedata\Tile.png,12,9,N,1,Block,,Objet
Objet173,172,Normal,gamedata\Tile.png,13,9,N,1,Block,,Objet
Objet174,173,Normal,gamedata\Tile.png,14,9,N,1,Block,,Objet
Objet175,174,Normal,gamedata\Tile.png,15,9,N,1,Block,,Objet
Objet176,175,Normal,gamedata\Tile.png,16,9,N,1,Block,,Objet
Objet177,176,Normal,gamedata\Tile.png,17,9,N,1,Open,,Objet
Objet178,177,Normal,gamedata\Tile.png,18,9,N,1,Open,,Objet
Objet179,178,Normal,gamedata\Tile.png,19,9,N,1,Open,,Objet
Objet180,179,Normal,gamedata\Tile.png,20,9,N,1,Open,,Objet
Objet181,180,Normal,gamedata\Tile.png,1,10,N,1,Block,,Objet
Objet182,181,Normal,gamedata\Tile.png,2,10,N,1,Block,,Objet
Objet183,182,Normal,gamedata\Tile.png,3,10,N,1,Block,,Objet
Objet184,183,Normal,gamedata\Tile.png,4,10,N,1,Block,,Objet
Objet185,184,Normal,gamedata\Tile.png,5,10,N,1,Block,,Objet
Objet186,185,Normal,gamedata\Tile.png,6,10,N,1,Block,,Objet
Objet187,186,Normal,gamedata\Tile.png,7,10,N,1,Block,,Objet
Objet188,187,Normal,gamedata\Tile.png,8,10,N,1,Block,,Objet
Objet189,188,Normal,gamedata\Tile.png,9,10,N,1,Block,,Objet
Objet190,189,Normal,gamedata\Tile.png,10,10,N,1,Block,,Objet
Objet191,190,Normal,gamedata\Tile.png,11,10,N,1,Block,,Objet
Objet192,191,Normal,gamedata\Tile.png,12,10,N,1,Block,,Objet
Objet193,192,Normal,gamedata\Tile.png,13,10,N,1,Block,,Objet
Objet194,193,Normal,gamedata\Tile.png,14,10,N,1,Block,,Objet
Objet195,194,Normal,gamedata\Tile.png,15,10,N,1,Block,,Objet
Objet196,195,Normal,gamedata\Tile.png,16,10,N,1,Block,,Objet
Objet197,196,Normal,gamedata\Tile.png,17,10,N,1,Open,,Objet
Objet198,197,Normal,gamedata\Tile.png,18,10,N,1,Open,,Objet
Objet199,198,Normal,gamedata\Tile.png,19,10,N,1,Open,,Objet
Objet200,199,Normal,gamedata\Tile.png,20,10,N,1,Open,,Objet
Objet201,200,Normal,gamedata\Tile.png,1,11,N,1,Block,,Objet
Objet202,201,Normal,gamedata\Tile.png,2,11,N,1,Block,,Objet
Objet203,202,Normal,gamedata\Tile.png,3,11,N,1,Block,,Objet
Objet204,203,Normal,gamedata\Tile.png,4,11,N,1,Block,,Objet
Objet205,204,Normal,gamedata\Tile.png,5,11,N,1,Block,,Objet
Objet206,205,Normal,gamedata\Tile.png,6,11,N,1,Block,,Objet
Objet207,206,Normal,gamedata\Tile.png,7,11,N,1,Block,,Objet
Objet208,207,Normal,gamedata\Tile.png,8,11,N,1,Block,,Objet
Objet209,208,Normal,gamedata\Tile.png,9,11,N,1,Block,,Objet
Objet210,209,Normal,gamedata\Tile.png,10,11,N,1,Block,,Objet
Objet211,210,Normal,gamedata\Tile.png,11,11,N,1,Block,,Objet
Objet212,211,Normal,gamedata\Tile.png,12,11,N,1,Block,,Objet
Objet213,212,Normal,gamedata\Tile.png,13,11,N,1,Block,,Objet
Objet214,213,Normal,gamedata\Tile.png,14,11,N,1,Block,,Objet
Objet215,214,Normal,gamedata\Tile.png,15,11,N,1,Block,,Objet
Objet216,215,Normal,gamedata\Tile.png,16,11,N,1,Block,,Objet
Objet217,216,Normal,gamedata\Tile.png,17,11,N,1,Open,,Objet
Objet218,217,Normal,gamedata\Tile.png,18,11,N,1,Open,,Objet
Objet219,218,Normal,gamedata\Tile.png,19,11,N,1,Open,,Objet
Objet220,219,Normal,gamedata\Tile.png,20,11,N,1,Open,,Objet
Objet221,220,Normal,gamedata\Tile.png,1,12,N,1,Block,,Objet
Objet222,221,Normal,gamedata\Tile.png,2,12,N,1,Block,,Objet
Objet223,222,Normal,gamedata\Tile.png,3,12,N,1,Block,,Objet
Objet224,223,Normal,gamedata\Tile.png,4,12,N,1,Block,,Objet
Objet225,224,Normal,gamedata\Tile.png,5,12,N,1,Block,,Objet
Objet226,225,Normal,gamedata\Tile.png,6,12,N,1,Block,,Objet
Objet227,226,Normal,gamedata\Tile.png,7,12,N,1,Block,,Objet
Objet228,227,Normal,gamedata\Tile.png,8,12,N,1,Block,,Objet
Objet229,228,Normal,gamedata\Tile.png,9,12,N,1,Block,,Objet
Objet230,229,Normal,gamedata\Tile.png,10,12,N,1,Block,,Objet
Objet231,230,Normal,gamedata\Tile.png,11,12,N,1,Block,,Objet
Objet232,231,Normal,gamedata\Tile.png,12,12,N,1,Block,,Objet
Objet233,232,Normal,gamedata\Tile.png,13,12,N,1,Block,,Objet
Objet234,233,Normal,gamedata\Tile.png,14,12,N,1,Block,,Objet
Objet235,234,Normal,gamedata\Tile.png,15,12,N,1,Block,,Objet
Objet236,235,Normal,gamedata\Tile.png,16,12,N,1,Block,,Objet
Objet237,236,Normal,gamedata\Tile.png,17,12,N,1,Open,,Objet
Objet238,237,Normal,gamedata\Tile.png,18,12,N,1,Open,,Objet
Objet239,238,Normal,gamedata\Tile.png,19,12,N,1,Open,,Objet
Objet240,239,Normal,gamedata\Tile.png,20,12,N,1,Open,,Objet
Objet241,240,Normal,gamedata\Tile.png,1,13,N,1,Block,,Objet
Objet242,241,Normal,gamedata\Tile.png,2,13,N,1,Block,,Objet
Objet243,242,Normal,gamedata\Tile.png,3,13,N,1,Block,,Objet
Objet244,243,Normal,gamedata\Tile.png,4,13,N,1,Block,,Objet
Objet245,244,Normal,gamedata\Tile.png,5,13,N,1,Block,,Objet
Objet246,245,Normal,gamedata\Tile.png,6,13,N,1,Block,,Objet
Objet247,246,Normal,gamedata\Tile.png,7,13,N,1,Block,,Objet
Objet248,247,Normal,gamedata\Tile.png,8,13,N,1,Block,,Objet
Objet249,248,Normal,gamedata\Tile.png,9,13,N,1,Block,,Objet
Objet250,249,Normal,gamedata\Tile.png,10,13,N,1,Block,,Objet
Objet251,250,Normal,gamedata\Tile.png,11,13,N,1,Block,,Objet
Objet252,251,Normal,gamedata\Tile.png,12,13,N,1,Block,,Objet
Objet253,252,Normal,gamedata\Tile.png,13,13,N,1,Block,,Objet
Objet254,253,Normal,gamedata\Tile.png,14,13,N,1,Block,,Objet
Objet255,254,Normal,gamedata\Tile.png,15,13,N,1,Block,,Objet
Objet256,255,Normal,gamedata\Tile.png,16,13,N,1,Block,,Objet
Objet257,256,Normal,gamedata\Tile.png,17,13,N,1,Open,,Objet
Objet258,257,Normal,gamedata\Tile.png,18,13,N,1,Open,,Objet
Objet259,258,Normal,gamedata\Tile.png,19,13,N,1,Open,,Objet
Objet260,259,Normal,gamedata\Tile.png,20,13,N,1,Open,,Objet
Objet261,260,Normal,gamedata\Tile.png,1,14,N,1,Block,,Objet
Objet262,261,Normal,gamedata\Tile.png,2,14,N,1,Block,,Objet
Objet263,262,Normal,gamedata\Tile.png,3,14,N,1,Block,,Objet
Objet264,263,Normal,gamedata\Tile.png,4,14,N,1,Block,,Objet
Objet265,264,Normal,gamedata\Tile.png,5,14,N,1,Block,,Objet
Objet266,265,Normal,gamedata\Tile.png,6,14,N,1,Block,,Objet
Objet267,266,Normal,gamedata\Tile.png,7,14,N,1,Block,,Objet
Objet268,267,Normal,gamedata\Tile.png,8,14,N,1,Block,,Objet
Objet269,268,Normal,gamedata\Tile.png,9,14,N,1,Block,,Objet
Objet270,269,Normal,gamedata\Tile.png,10,14,N,1,Block,,Objet
Objet271,270,Normal,gamedata\Tile.png,11,14,N,1,Block,,Objet
Objet272,271,Normal,gamedata\Tile.png,12,14,N,1,Block,,Objet
Objet273,272,Normal,gamedata\Tile.png,13,14,N,1,Block,,Objet
Objet274,273,Normal,gamedata\Tile.png,14,14,N,1,Block,,Objet
Objet275,274,Normal,gamedata\Tile.png,15,14,N,1,Block,,Objet
Objet276,275,Normal,gamedata\Tile.png,16,14,N,1,Block,,Objet
Objet277,276,Normal,gamedata\Tile.png,17,14,N,1,Block,,Objet
Objet278,277,Normal,gamedata\Tile.png,18,14,N,1,Block,,Objet
Objet279,278,Normal,gamedata\Tile.png,19,14,N,1,Block,,Objet
Objet280,279,Normal,gamedata\Tile.png,20,14,N,1,Block,,Objet
Objet281,280,Normal,gamedata\Tile.png,1,15,N,1,Block,,Objet
Objet282,281,Normal,gamedata\Tile.png,2,15,N,1,Block,,Objet
Objet283,282,Normal,gamedata\Tile.png,3,15,N,1,Block,,Objet
Objet284,283,Normal,gamedata\Tile.png,4,15,N,1,Block,,Objet
Objet285,284,Normal,gamedata\Tile.png,5,15,N,1,Block,,Objet
Objet286,285,Normal,gamedata\Tile.png,6,15,N,1,Block,,Objet
Objet287,286,Normal,gamedata\Tile.png,7,15,N,1,Block,,Objet
Objet288,287,Normal,gamedata\Tile.png,8,15,N,1,Block,,Objet
Objet289,288,Normal,gamedata\Tile.png,9,15,N,1,Block,,Objet
Objet290,289,Normal,gamedata\Tile.png,10,15,N,1,Block,,Objet
Objet291,290,Normal,gamedata\Tile.png,11,15,N,1,Block,,Objet
Objet292,291,Normal,gamedata\Tile.png,12,15,N,1,Block,,Objet
Objet293,292,Normal,gamedata\Tile.png,13,15,N,1,Block,,Objet
Objet294,293,Normal,gamedata\Tile.png,14,15,N,1,Block,,Objet
Objet295,294,Normal,gamedata\Tile.png,15,15,N,1,Block,,Objet
Objet296,295,Normal,gamedata\Tile.png,16,15,N,1,Block,,Objet
Objet297,296,Normal,gamedata\Tile.png,17,15,N,1,Open,,Objet
Objet298,297,Normal,gamedata\Tile.png,18,15,N,1,Open,,Objet
Objet299,298,Normal,gamedata\Tile.png,19,15,N,1,Open,,Objet
Objet300,299,Normal,gamedata\Tile.png,20,15,N,1,Open,,Objet
Objet301,300,Normal,gamedata\Tile.png,1,16,N,1,Block,,Objet
Objet302,301,Normal,gamedata\Tile.png,2,16,N,1,Open,,Objet
Objet303,302,Normal,gamedata\Tile.png,3,16,N,1,Block,,Objet
Objet304,303,Normal,gamedata\Tile.png,4,16,N,1,Open,,Objet
Objet305,304,Normal,gamedata\Tile.png,5,16,N,1,Block,,Objet
Objet306,305,Normal,gamedata\Tile.png,6,16,N,1,Open,,Objet
Objet307,306,Normal,gamedata\Tile.png,7,16,N,1,Block,,Objet
Objet308,307,Normal,gamedata\Tile.png,8,16,N,1,Open,,Objet
Objet309,308,Normal,gamedata\Tile.png,9,16,N,1,Block,,Objet
Objet310,309,Normal,gamedata\Tile.png,10,16,N,1,Open,,Objet
Objet311,310,Normal,gamedata\Tile.png,11,16,N,1,Block,,Objet
Objet312,311,Normal,gamedata\Tile.png,12,16,N,1,Open,,Objet
Objet313,312,Normal,gamedata\Tile.png,13,16,N,1,Block,,Objet
Objet314,313,Normal,gamedata\Tile.png,14,16,N,1,Open,,Objet
Objet315,314,Normal,gamedata\Tile.png,15,16,N,1,Block,,Objet
Objet316,315,Normal,gamedata\Tile.png,16,16,N,1,Open,,Objet
Objet317,316,Normal,gamedata\Tile.png,17,16,N,1,Block,,Objet
Objet318,317,Normal,gamedata\Tile.png,18,16,N,1,Block,,Objet
Objet319,318,Normal,gamedata\Tile.png,19,16,N,1,Block,,Objet
Objet320,319,Normal,gamedata\Tile.png,20,16,N,1,Block,,Objet
Objet321,320,Normal,gamedata\Tile.png,1,17,N,1,Block,,Objet
Objet322,321,Normal,gamedata\Tile.png,2,17,N,1,Block,,Objet
Objet323,322,Normal,gamedata\Tile.png,3,17,N,1,Block,,Objet
Objet324,323,Normal,gamedata\Tile.png,4,17,N,1,Block,,Objet
Objet325,324,Normal,gamedata\Tile.png,5,17,N,1,Block,,Objet
Objet326,325,Normal,gamedata\Tile.png,6,17,N,1,Block,,Objet
Objet327,326,Normal,gamedata\Tile.png,7,17,N,1,Block,,Objet
Objet328,327,Normal,gamedata\Tile.png,8,17,N,1,Block,,Objet
Objet329,328,Normal,gamedata\Tile.png,9,17,N,1,Block,,Objet
Objet330,329,Normal,gamedata\Tile.png,10,17,N,1,Block,,Objet
Objet331,330,Normal,gamedata\Tile.png,11,17,N,1,Block,,Objet
Objet332,331,Normal,gamedata\Tile.png,12,17,N,1,Block,,Objet
Objet333,332,Normal,gamedata\Tile.png,13,17,N,1,Block,,Objet
Objet334,333,Normal,gamedata\Tile.png,14,17,N,1,Block,,Objet
Objet335,334,Normal,gamedata\Tile.png,15,17,N,1,Block,,Objet
Objet336,335,Normal,gamedata\Tile.png,16,17,N,1,Block,,Objet
Objet337,336,Normal,gamedata\Tile.png,17,17,N,1,Open,,Objet
Objet338,337,Normal,gamedata\Tile.png,18,17,N,1,Open,,Objet
Objet339,338,Normal,gamedata\Tile.png,19,17,N,1,Open,,Objet
Objet340,339,Normal,gamedata\Tile.png,20,17,N,1,Open,,Objet
Objet341,340,Normal,gamedata\Tile.png,1,18,N,1,Block,,Objet
Objet342,341,Normal,gamedata\Tile.png,2,18,N,1,Block,,Objet
Objet343,342,Normal,gamedata\Tile.png,3,18,N,1,Block,,Objet
Objet344,343,Normal,gamedata\Tile.png,4,18,N,1,Block,,Objet
Objet345,344,Normal,gamedata\Tile.png,5,18,N,1,Block,,Objet
Objet346,345,Normal,gamedata\Tile.png,6,18,N,1,Block,,Objet
Objet347,346,Normal,gamedata\Tile.png,7,18,N,1,Block,,Objet
Objet348,347,Normal,gamedata\Tile.png,8,18,N,1,Block,,Objet
Objet349,348,Normal,gamedata\Tile.png,9,18,N,1,Block,,Objet
Objet350,349,Normal,gamedata\Tile.png,10,18,N,1,Block,,Objet
Objet351,350,Normal,gamedata\Tile.png,11,18,N,1,Block,,Objet
Objet352,351,Normal,gamedata\Tile.png,12,18,N,1,Block,,Objet
Objet353,352,Normal,gamedata\Tile.png,13,18,N,1,Block,,Objet
Objet354,353,Normal,gamedata\Tile.png,14,18,N,1,Block,,Objet
Objet355,354,Normal,gamedata\Tile.png,15,18,N,1,Block,,Objet
Objet356,355,Normal,gamedata\Tile.png,16,18,N,1,Block,,Objet
Objet357,356,Normal,gamedata\Tile.png,17,18,N,1,Block,,Objet
Objet358,357,Normal,gamedata\Tile.png,18,18,N,1,Block,,Objet
Objet359,358,Normal,gamedata\Tile.png,19,18,N,1,Block,,Objet
Objet360,359,Normal,gamedata\Tile.png,20,18,N,1,Block,,Objet
Objet361,360,Normal,gamedata\Tile.png,1,19,N,1,Block,,Objet
Objet362,361,Normal,gamedata\Tile.png,2,19,N,1,Block,,Objet
Objet363,362,Normal,gamedata\Tile.png,3,19,N,1,Block,,Objet
Objet364,363,Normal,gamedata\Tile.png,4,19,N,1,Block,,Objet
Objet365,364,Normal,gamedata\Tile.png,5,19,N,1,Block,,Objet
Objet366,365,Normal,gamedata\Tile.png,6,19,N,1,Block,,Objet
Objet367,366,Normal,gamedata\Tile.png,7,19,N,1,Block,,Objet
Objet368,367,Normal,gamedata\Tile.png,8,19,N,1,Block,,Objet
Objet369,368,Normal,gamedata\Tile.png,9,19,N,1,Block,,Objet
Objet370,369,Normal,gamedata\Tile.png,10,19,N,1,Block,,Objet
Objet371,370,Normal,gamedata\Tile.png,11,19,N,1,Block,,Objet
Objet372,371,Normal,gamedata\Tile.png,12,19,N,1,Block,,Objet
Objet373,372,Normal,gamedata\Tile.png,13,19,N,1,Block,,Objet
Objet374,373,Normal,gamedata\Tile.png,14,19,N,1,Block,,Objet
Objet375,374,Normal,gamedata\Tile.png,15,19,N,1,Block,,Objet
Objet376,375,Normal,gamedata\Tile.png,16,19,N,1,Block,,Objet
Objet377,376,Normal,gamedata\Tile.png,17,19,N,1,Open,,Objet
Objet378,377,Normal,gamedata\Tile.png,18,19,N,1,Open,,Objet
Objet379,378,Normal,gamedata\Tile.png,19,19,N,1,Open,,Objet
Objet380,379,Normal,gamedata\Tile.png,20,19,N,1,Block,,Objet
Objet381,380,Normal,gamedata\Tile.png,1,20,N,1,Block,,Objet
Objet382,381,Normal,gamedata\Tile.png,2,20,N,1,Open,,Objet
Objet383,382,Normal,gamedata\Tile.png,3,20,N,1,Block,,Objet
Objet384,383,Normal,gamedata\Tile.png,4,20,N,1,Open,,Objet
Objet385,384,Normal,gamedata\Tile.png,5,20,N,1,Block,,Objet
Objet386,385,Normal,gamedata\Tile.png,6,20,N,1,Open,,Objet
Objet387,386,Normal,gamedata\Tile.png,7,20,N,1,Block,,Objet
Objet388,387,Normal,gamedata\Tile.png,8,20,N,1,Open,,Objet
Objet389,388,Normal,gamedata\Tile.png,9,20,N,1,Block,,Objet
Objet390,389,Normal,gamedata\Tile.png,10,20,N,1,Open,,Objet
Objet391,390,Normal,gamedata\Tile.png,11,20,N,1,Block,,Objet
Objet392,391,Normal,gamedata\Tile.png,12,20,N,1,Open,,Objet
Objet393,392,Normal,gamedata\Tile.png,13,20,N,1,Block,,Objet
Objet394,393,Normal,gamedata\Tile.png,14,20,N,1,Open,,Objet
Objet395,394,Normal,gamedata\Tile.png,15,20,N,1,Block,,Objet
Objet396,395,Normal,gamedata\Tile.png,16,20,N,1,Open,,Objet
Objet397,396,Normal,gamedata\Tile.png,17,20,N,1,Block,,Objet
Objet398,397,Normal,gamedata\Tile.png,18,20,N,1,Block,,Objet
Objet399,398,Normal,gamedata\Tile.png,19,20,N,1,Block,,Objet
Objet400,399,Normal,gamedata\Tile.png,20,20,N,1,Block,,Objet
Objet401,400,Normal,gamedata\Tile.png,1,21,N,1,Block,,Objet
Objet402,401,Normal,gamedata\Tile.png,2,21,N,1,Block,,Objet
Objet403,402,Normal,gamedata\Tile.png,3,21,N,1,Block,,Objet
Objet404,403,Normal,gamedata\Tile.png,4,21,N,1,Block,,Objet
Objet405,404,Normal,gamedata\Tile.png,5,21,N,1,Block,,Objet
Objet406,405,Normal,gamedata\Tile.png,6,21,N,1,Block,,Objet
Objet407,406,Normal,gamedata\Tile.png,7,21,N,1,Block,,Objet
Objet408,407,Normal,gamedata\Tile.png,8,21,N,1,Block,,Objet
Objet409,408,Normal,gamedata\Tile.png,9,21,Y,1,Open,,Objet
Objet410,409,Normal,gamedata\Tile.png,10,21,Y,1,Open,,Objet
Objet411,410,Normal,gamedata\Tile.png,11,21,Y,1,Open,,Objet
Objet412,411,Normal,gamedata\Tile.png,12,21,Y,1,Open,,Objet
Objet413,412,Normal,gamedata\Tile.png,13,21,Y,1,Open,,Objet
Objet414,413,Normal,gamedata\Tile.png,14,21,Y,1,Open,,Objet
Objet415,414,Normal,gamedata\Tile.png,15,21,Y,1,Open,,Objet
Objet416,415,Normal,gamedata\Tile.png,16,21,Y,1,Open,,Objet
Objet417,416,Normal,gamedata\Tile.png,17,21,N,1,Open,,Objet
Objet418,417,Normal,gamedata\Tile.png,18,21,N,1,Open,,Objet
Objet419,418,Normal,gamedata\Tile.png,19,21,N,1,Open,,Objet
Objet420,419,Normal,gamedata\Tile.png,20,21,N,1,Open,,Objet
Objet421,420,Normal,gamedata\Tile.png,1,22,N,1,Block,,Objet
Objet422,421,Normal,gamedata\Tile.png,2,22,N,1,Block,,Objet
Objet423,422,Normal,gamedata\Tile.png,3,22,N,1,Block,,Objet
Objet424,423,Normal,gamedata\Tile.png,4,22,N,1,Block,,Objet
Objet425,424,Normal,gamedata\Tile.png,5,22,N,1,Block,,Objet
Objet426,425,Normal,gamedata\Tile.png,6,22,N,1,Block,,Objet
Objet427,426,Normal,gamedata\Tile.png,7,22,N,1,Block,,Objet
Objet428,427,Normal,gamedata\Tile.png,8,22,N,1,Block,,Objet
Objet429,428,Normal,gamedata\Tile.png,9,22,N,1,Block,,Objet
Objet430,429,Normal,gamedata\Tile.png,10,22,N,1,Block,,Objet
Objet431,430,Normal,gamedata\Tile.png,11,22,N,1,Block,,Objet
Objet432,431,Normal,gamedata\Tile.png,12,22,N,1,Block,,Objet
Objet433,432,Normal,gamedata\Tile.png,13,22,N,1,Block,,Objet
Objet434,433,Normal,gamedata\Tile.png,14,22,N,1,Block,,Objet
Objet435,434,Normal,gamedata\Tile.png,15,22,N,1,Block,,Objet
Objet436,435,Normal,gamedata\Tile.png,16,22,N,1,Block,,Objet
Objet437,436,Normal,gamedata\Tile.png,17,22,N,1,Block,,Objet
Objet438,437,Normal,gamedata\Tile.png,18,22,N,1,Block,,Objet
Objet439,438,Normal,gamedata\Tile.png,19,22,N,1,Block,,Objet
Objet440,439,Normal,gamedata\Tile.png,20,22,N,1,Block,,Objet
Objet441,440,Normal,gamedata\Tile.png,1,23,Y,1,Open,,Objet
Objet442,441,Normal,gamedata\Tile.png,2,23,Y,1,Open,,Objet
Objet443,442,Normal,gamedata\Tile.png,3,23,Y,1,Open,,Objet
Objet444,443,Normal,gamedata\Tile.png,4,23,Y,1,Open,,Objet
Objet445,444,Normal,gamedata\Tile.png,5,23,Y,1,Open,,Objet
Objet446,445,Normal,gamedata\Tile.png,6,23,Y,1,Open,,Objet
Objet447,446,Normal,gamedata\Tile.png,7,23,Y,1,Open,,Objet
Objet448,447,Normal,gamedata\Tile.png,8,23,Y,1,Open,,Objet
Objet449,448,Normal,gamedata\Tile.png,9,23,N,1,Block,,Objet
Objet450,449,Normal,gamedata\Tile.png,10,23,N,1,Block,,Objet
Objet451,450,Normal,gamedata\Tile.png,11,23,N,1,Block,,Objet
Objet452,451,Normal,gamedata\Tile.png,12,23,N,1,Block,,Objet
Objet453,452,Normal,gamedata\Tile.png,13,23,N,1,Block,,Objet
Objet454,453,Normal,gamedata\Tile.png,14,23,N,1,Block,,Objet
Objet455,454,Normal,gamedata\Tile.png,15,23,N,1,Block,,Objet
Objet456,455,Normal,gamedata\Tile.png,16,23,N,1,Block,,Objet
Objet457,456,Normal,gamedata\Tile.png,17,23,N,1,Open,,Objet
Objet458,457,Normal,gamedata\Tile.png,18,23,N,1,Open,,Objet
Objet459,458,Normal,gamedata\Tile.png,19,23,N,1,Open,,Objet
Objet460,459,Normal,gamedata\Tile.png,20,23,N,1,Open,,Objet
Objet461,460,Normal,gamedata\Tile.png,1,24,N,1,Block,,Objet
Objet462,461,Normal,gamedata\Tile.png,2,24,N,1,Block,,Objet
Objet463,462,Normal,gamedata\Tile.png,3,24,N,1,Block,,Objet
Objet464,463,Normal,gamedata\Tile.png,4,24,N,1,Block,,Objet
Objet465,464,Normal,gamedata\Tile.png,5,24,N,1,Block,,Objet
Objet466,465,Normal,gamedata\Tile.png,6,24,N,1,Block,,Objet
Objet467,466,Normal,gamedata\Tile.png,7,24,N,1,Block,,Objet
Objet468,467,Normal,gamedata\Tile.png,8,24,N,1,Block,,Objet
Objet469,468,Normal,gamedata\Tile.png,9,24,N,1,Open,,Objet
Objet470,469,Normal,gamedata\Tile.png,10,24,N,1,Open,,Objet
Objet471,470,Normal,gamedata\Tile.png,11,24,N,1,Open,,Objet
Objet472,471,Normal,gamedata\Tile.png,12,24,N,1,Open,,Objet
Objet473,472,Normal,gamedata\Tile.png,13,24,N,1,Open,,Objet
Objet474,473,Normal,gamedata\Tile.png,14,24,N,1,Open,,Objet
Objet475,474,Normal,gamedata\Tile.png,15,24,N,1,Open,,Objet
Objet476,475,Normal,gamedata\Tile.png,16,24,N,1,Open,,Objet
Objet477,476,Normal,gamedata\Tile.png,17,24,N,1,Open,,Objet
Objet478,477,Normal,gamedata\Tile.png,18,24,N,1,Open,,Objet
Objet479,478,Normal,gamedata\Tile.png,19,24,N,1,Open,,Objet
Objet480,479,Normal,gamedata\Tile.png,20,24,N,1,Open,,Objet
Objet481,480,Normal,gamedata\Tile.png,1,25,N,1,Block,,Objet
Objet482,481,Normal,gamedata\Tile.png,2,25,N,1,Block,,Objet
Objet483,482,Normal,gamedata\Tile.png,3,25,N,1,Block,,Objet
Objet484,483,Normal,gamedata\Tile.png,4,25,N,1,Block,,Objet
Objet485,484,Normal,gamedata\Tile.png,5,25,N,1,Block,,Objet
Objet486,485,Normal,gamedata\Tile.png,6,25,N,1,Block,,Objet
Objet487,486,Normal,gamedata\Tile.png,7,25,N,1,Block,,Objet
Objet488,487,Normal,gamedata\Tile.png,8,25,N,1,Block,,Objet
Objet489,488,Normal,gamedata\Tile.png,9,25,N,1,Block,,Objet
Objet490,489,Normal,gamedata\Tile.png,10,25,N,1,Block,,Objet
Objet491,490,Normal,gamedata\Tile.png,11,25,N,1,Block,,Objet
Objet492,491,Normal,gamedata\Tile.png,12,25,N,1,Block,,Objet
Objet493,492,Normal,gamedata\Tile.png,13,25,N,1,Block,,Objet
Objet494,493,Normal,gamedata\Tile.png,14,25,N,1,Block,,Objet
Objet495,494,Normal,gamedata\Tile.png,15,25,N,1,Block,,Objet
Objet496,495,Normal,gamedata\Tile.png,16,25,N,1,Block,,Objet
Objet497,496,Normal,gamedata\Tile.png,17,25,Y,1,Open,,Objet
Objet498,497,Normal,gamedata\Tile.png,18,25,Y,1,Open,,Objet
Objet499,498,Normal,gamedata\Tile.png,19,25,Y,1,Open,,Objet
Objet500,499,Normal,gamedata\Tile.png,20,25,Y,1,Block,,Objet
Objet501,500,Normal,gamedata\Tile.png,1,26,N,1,Block,,Objet
Objet502,501,Normal,gamedata\Tile.png,2,26,N,1,Block,,Objet
Objet503,502,Normal,gamedata\Tile.png,3,26,N,1,Block,,Objet
Objet504,503,Normal,gamedata\Tile.png,4,26,N,1,Block,,Objet
Objet505,504,Normal,gamedata\Tile.png,5,26,N,1,Block,,Objet
Objet506,505,Normal,gamedata\Tile.png,6,26,N,1,Block,,Objet
Objet507,506,Normal,gamedata\Tile.png,7,26,N,1,Block,,Objet
Objet508,507,Normal,gamedata\Tile.png,8,26,N,1,Block,,Objet
Objet509,508,Normal,gamedata\Tile.png,9,26,N,1,Block,,Objet
Objet510,509,Normal,gamedata\Tile.png,10,26,N,1,Block,,Objet
Objet511,510,Normal,gamedata\Tile.png,11,26,N,1,Block,,Objet
Objet512,511,Normal,gamedata\Tile.png,12,26,N,1,Block,,Objet
Objet513,512,Normal,gamedata\Tile.png,13,26,N,1,Block,,Objet
Objet514,513,Normal,gamedata\Tile.png,14,26,N,1,Block,,Objet
Objet515,514,Normal,gamedata\Tile.png,15,26,N,1,Block,,Objet
Objet516,515,Normal,gamedata\Tile.png,16,26,N,1,Block,,Objet
Objet517,516,Normal,gamedata\Tile.png,17,26,N,1,Block,,Objet
Objet518,517,Normal,gamedata\Tile.png,18,26,Y,1,Open,,Objet
Objet519,518,Normal,gamedata\Tile.png,19,26,Y,1,Open,,Objet
Objet520,519,Normal,gamedata\Tile.png,20,26,Y,1,Block,,Objet
Objet521,520,Normal,gamedata\Tile.png,1,27,N,1,Block,,Objet
Objet522,521,Normal,gamedata\Tile.png,2,27,N,1,Block,,Objet
Objet523,522,Normal,gamedata\Tile.png,3,27,N,1,Block,,Objet
Objet524,523,Normal,gamedata\Tile.png,4,27,N,1,Block,,Objet
Objet525,524,Normal,gamedata\Tile.png,5,27,N,1,Block,,Objet
Objet526,525,Normal,gamedata\Tile.png,6,27,N,1,Block,,Objet
Objet527,526,Normal,gamedata\Tile.png,7,27,N,1,Block,,Objet
Objet528,527,Normal,gamedata\Tile.png,8,27,N,1,Block,,Objet
Objet529,528,Normal,gamedata\Tile.png,9,27,N,1,Block,,Objet
Objet530,529,Normal,gamedata\Tile.png,10,27,N,1,Block,,Objet
Objet531,530,Normal,gamedata\Tile.png,11,27,N,1,Block,,Objet
Objet532,531,Normal,gamedata\Tile.png,12,27,N,1,Block,,Objet
Objet533,532,Normal,gamedata\Tile.png,13,27,N,1,Block,,Objet
Objet534,533,Normal,gamedata\Tile.png,14,27,N,1,Block,,Objet
Objet535,534,Normal,gamedata\Tile.png,15,27,N,1,Block,,Objet
Objet536,535,Normal,gamedata\Tile.png,16,27,N,1,Block,,Objet
Objet537,536,Normal,gamedata\Tile.png,17,27,N,1,Block,,Objet
Objet538,537,Normal,gamedata\Tile.png,18,27,Y,1,Block,,Objet
Objet539,538,Normal,gamedata\Tile.png,19,27,Y,1,Block,,Objet
Objet540,539,Normal,gamedata\Tile.png,20,27,Y,1,Block,,Objet
Objet541,540,Normal,gamedata\Tile.png,1,28,N,1,Block,,Objet
Objet542,541,Normal,gamedata\Tile.png,2,28,N,1,Block,,Objet
Objet543,542,Normal,gamedata\Tile.png,3,28,N,1,Block,,Objet
Objet544,543,Normal,gamedata\Tile.png,4,28,N,1,Block,,Objet
Objet545,544,Normal,gamedata\Tile.png,5,28,N,1,Block,,Objet
Objet546,545,Normal,gamedata\Tile.png,6,28,N,1,Block,,Objet
Objet547,546,Normal,gamedata\Tile.png,7,28,N,1,Block,,Objet
Objet548,547,Normal,gamedata\Tile.png,8,28,N,1,Block,,Objet
Objet549,548,Normal,gamedata\Tile.png,9,28,N,1,Block,,Objet
Objet550,549,Normal,gamedata\Tile.png,10,28,N,1,Block,,Objet
Objet551,550,Normal,gamedata\Tile.png,11,28,N,1,Block,,Objet
Objet552,551,Normal,gamedata\Tile.png,12,28,N,1,Block,,Objet
Objet553,552,Normal,gamedata\Tile.png,13,28,N,1,Block,,Objet
Objet554,553,Normal,gamedata\Tile.png,14,28,N,1,Block,,Objet
Objet555,554,Normal,gamedata\Tile.png,15,28,N,1,Block,,Objet
Objet556,555,Normal,gamedata\Tile.png,16,28,N,1,Block,,Objet
Objet557,556,Normal,gamedata\Tile.png,17,28,Y,1,Block,,Objet
Objet558,557,Normal,gamedata\Tile.png,18,28,Y,1,Block,,Objet
Objet559,558,Normal,gamedata\Tile.png,19,28,Y,1,Block,,Objet
Objet560,559,Normal,gamedata\Tile.png,20,28,Y,1,Block,,Objet
Objet561,560,Normal,gamedata\Tile.png,1,29,N,1,Block,,Objet
Objet562,561,Normal,gamedata\Tile.png,2,29,N,1,Block,,Objet
Objet563,562,Normal,gamedata\Tile.png,3,29,N,1,Block,,Objet
Objet564,563,Normal,gamedata\Tile.png,4,29,N,1,Block,,Objet
Objet565,564,Normal,gamedata\Tile.png,5,29,N,1,Block,,Objet
Objet566,565,Normal,gamedata\Tile.png,6,29,N,1,Block,,Objet
Objet567,566,Normal,gamedata\Tile.png,7,29,N,1,Block,,Objet
Objet568,567,Normal,gamedata\Tile.png,8,29,N,1,Block,,Objet
Objet569,568,Normal,gamedata\Tile.png,9,29,N,1,Block,,Objet
Objet570,569,Normal,gamedata\Tile.png,10,29,N,1,Block,,Objet
Objet571,570,Normal,gamedata\Tile.png,11,29,N,1,Block,,Objet
Objet572,571,Normal,gamedata\Tile.png,12,29,N,1,Block,,Objet
Objet573,572,Normal,gamedata\Tile.png,13,29,N,1,Block,,Objet
Objet574,573,Normal,gamedata\Tile.png,14,29,N,1,Block,,Objet
Objet575,574,Normal,gamedata\Tile.png,15,29,N,1,Block,,Objet
Objet576,575,Normal,gamedata\Tile.png,16,29,N,1,Block,,Objet
Objet577,576,Normal,gamedata\Tile.png,17,29,N,1,Open,,Objet
Objet578,577,Normal,gamedata\Tile.png,18,29,N,1,Open,,Objet
Objet579,578,Normal,gamedata\Tile.png,19,29,Y,1,Open,,Objet
Objet580,579,Normal,gamedata\Tile.png,20,29,Y,1,Open,,Objet
Objet581,580,Normal,gamedata\Tile.png,1,30,N,1,Block,,Objet
Objet582,581,Normal,gamedata\Tile.png,2,30,N,1,Block,,Objet
Objet583,582,Normal,gamedata\Tile.png,3,30,N,1,Block,,Objet
Objet584,583,Normal,gamedata\Tile.png,4,30,N,1,Block,,Objet
Objet585,584,Normal,gamedata\Tile.png,5,30,N,1,Block,,Objet
Objet586,585,Normal,gamedata\Tile.png,6,30,N,1,Block,,Objet
Objet587,586,Normal,gamedata\Tile.png,7,30,N,1,Block,,Objet
Objet588,587,Normal,gamedata\Tile.png,8,30,N,1,Block,,Objet
Objet589,588,Normal,gamedata\Tile.png,9,30,N,1,Block,,Objet
Objet590,589,Normal,gamedata\Tile.png,10,30,N,1,Block,,Objet
Objet591,590,Normal,gamedata\Tile.png,11,30,N,1,Block,,Objet
Objet592,591,Normal,gamedata\Tile.png,12,30,N,1,Block,,Objet
Objet593,592,Normal,gamedata\Tile.png,13,30,N,1,Block,,Objet
Objet594,593,Normal,gamedata\Tile.png,14,30,N,1,Block,,Objet
Objet595,594,Normal,gamedata\Tile.png,15,30,N,1,Block,,Objet
Objet596,595,Normal,gamedata\Tile.png,16,30,N,1,Block,,Objet
Objet597,596,Normal,gamedata\Tile.png,17,30,N,1,Open,,Objet
Objet598,597,Normal,gamedata\Tile.png,18,30,N,1,Open,,Objet
Objet599,598,Normal,gamedata\Tile.png,19,30,Y,1,Open,,Objet
Objet600,599,Normal,gamedata\Tile.png,20,30,Y,1,Open,,Objet
Objet601,600,Normal,gamedata\Tile.png,1,31,N,1,Block,,Objet
Objet602,601,Normal,gamedata\Tile.png,2,31,N,1,Block,,Objet
Objet603,602,Normal,gamedata\Tile.png,3,31,N,1,Block,,Objet
Objet604,603,Normal,gamedata\Tile.png,4,31,N,1,Block,,Objet
Objet605,604,Normal,gamedata\Tile.png,5,31,N,1,Block,,Objet
Objet606,605,Normal,gamedata\Tile.png,6,31,N,1,Block,,Objet
Objet607,606,Normal,gamedata\Tile.png,7,31,N,1,Block,,Objet
Objet608,607,Normal,gamedata\Tile.png,8,31,N,1,Block,,Objet
Objet609,608,Normal,gamedata\Tile.png,9,31,N,1,Block,,Objet
Objet610,609,Normal,gamedata\Tile.png,10,31,N,1,Block,,Objet
Objet611,610,Normal,gamedata\Tile.png,11,31,N,1,Block,,Objet
Objet612,611,Normal,gamedata\Tile.png,12,31,N,1,Block,,Objet
Objet613,612,Normal,gamedata\Tile.png,13,31,N,1,Block,,Objet
Objet614,613,Normal,gamedata\Tile.png,14,31,N,1,Block,,Objet
Objet615,614,Normal,gamedata\Tile.png,15,31,N,1,Block,,Objet
Objet616,615,Normal,gamedata\Tile.png,16,31,N,1,Block,,Objet
Objet617,616,Normal,gamedata\Tile.png,17,31,N,1,Open,,Objet
Objet618,617,Normal,gamedata\Tile.png,18,31,N,1,Open,,Objet
Objet619,618,Normal,gamedata\Tile.png,19,31,Y,1,Open,,Objet
Objet620,619,Normal,gamedata\Tile.png,20,31,Y,1,Open,,Objet
Objet621,620,Normal,gamedata\Tile.png,1,32,N,1,Block,,Objet
Objet622,621,Normal,gamedata\Tile.png,2,32,N,1,Block,,Objet
Objet623,622,Normal,gamedata\Tile.png,3,32,N,1,Block,,Objet
Objet624,623,Normal,gamedata\Tile.png,4,32,N,1,Block,,Objet
Objet625,624,Normal,gamedata\Tile.png,5,32,N,1,Block,,Objet
Objet626,625,Normal,gamedata\Tile.png,6,32,N,1,Block,,Objet
Objet627,626,Normal,gamedata\Tile.png,7,32,N,1,Block,,Objet
Objet628,627,Normal,gamedata\Tile.png,8,32,N,1,Block,,Objet
Objet629,628,Normal,gamedata\Tile.png,9,32,N,1,Block,,Objet
Objet630,629,Normal,gamedata\Tile.png,10,32,N,1,Block,,Objet
Objet631,630,Normal,gamedata\Tile.png,11,32,N,1,Block,,Objet
Objet632,631,Normal,gamedata\Tile.png,12,32,N,1,Block,,Objet
Objet633,632,Normal,gamedata\Tile.png,13,32,N,1,Block,,Objet
Objet634,633,Normal,gamedata\Tile.png,14,32,N,1,Block,,Objet
Objet635,634,Normal,gamedata\Tile.png,15,32,N,1,Block,,Objet
Objet636,635,Normal,gamedata\Tile.png,16,32,N,1,Block,,Objet
Objet637,636,Normal,gamedata\Tile.png,17,32,N,1,Open,,Objet
Objet638,637,Normal,gamedata\Tile.png,18,32,N,1,Open,,Objet
Objet639,638,Normal,gamedata\Tile.png,19,32,Y,1,Open,,Objet
Objet640,639,Normal,gamedata\Tile.png,20,32,Y,1,Open,,Objet
Objet641,640,Normal,gamedata\Tile.png,1,33,N,1,Block,,Objet
Objet642,641,Normal,gamedata\Tile.png,2,33,N,1,Block,,Objet
Objet643,642,Normal,gamedata\Tile.png,3,33,N,1,Block,,Objet
Objet644,643,Normal,gamedata\Tile.png,4,33,N,1,Block,,Objet
Objet645,644,Normal,gamedata\Tile.png,5,33,N,1,Block,,Objet
Objet646,645,Normal,gamedata\Tile.png,6,33,N,1,Block,,Objet
Objet647,646,Normal,gamedata\Tile.png,7,33,N,1,Block,,Objet
Objet648,647,Normal,gamedata\Tile.png,8,33,N,1,Block,,Objet
Objet649,648,Normal,gamedata\Tile.png,9,33,N,1,Block,,Objet
Objet650,649,Normal,gamedata\Tile.png,10,33,N,1,Block,,Objet
Objet651,650,Normal,gamedata\Tile.png,11,33,N,1,Block,,Objet
Objet652,651,Normal,gamedata\Tile.png,12,33,N,1,Block,,Objet
Objet653,652,Normal,gamedata\Tile.png,13,33,N,1,Block,,Objet
Objet654,653,Normal,gamedata\Tile.png,14,33,N,1,Block,,Objet
Objet655,654,Normal,gamedata\Tile.png,15,33,N,1,Block,,Objet
Objet656,655,Normal,gamedata\Tile.png,16,33,N,1,Block,,Objet
Objet657,656,Normal,gamedata\Tile.png,17,33,N,1,Open,,Objet
Objet658,657,Normal,gamedata\Tile.png,18,33,N,1,Open,,Objet
Objet659,658,Normal,gamedata\Tile.png,19,33,Y,1,Open,,Objet
Objet660,659,Normal,gamedata\Tile.png,20,33,Y,1,Open,,Objet
Objet661,660,Normal,gamedata\Tile.png,1,34,N,1,Block,,Objet
Objet662,661,Normal,gamedata\Tile.png,2,34,N,1,Block,,Objet
Objet663,662,Normal,gamedata\Tile.png,3,34,N,1,Block,,Objet
Objet664,663,Normal,gamedata\Tile.png,4,34,N,1,Block,,Objet
Objet665,664,Normal,gamedata\Tile.png,5,34,N,1,Block,,Objet
Objet666,665,Normal,gamedata\Tile.png,6,34,N,1,Block,,Objet
Objet667,666,Normal,gamedata\Tile.png,7,34,N,1,Block,,Objet
Objet668,667,Normal,gamedata\Tile.png,8,34,N,1,Block,,Objet
Objet669,668,Normal,gamedata\Tile.png,9,34,N,1,Block,,Objet
Objet670,669,Normal,gamedata\Tile.png,10,34,N,1,Block,,Objet
Objet671,670,Normal,gamedata\Tile.png,11,34,N,1,Block,,Objet
Objet672,671,Normal,gamedata\Tile.png,12,34,N,1,Block,,Objet
Objet673,672,Normal,gamedata\Tile.png,13,34,N,1,Block,,Objet
Objet674,673,Normal,gamedata\Tile.png,14,34,N,1,Block,,Objet
Objet675,674,Normal,gamedata\Tile.png,15,34,N,1,Block,,Objet
Objet676,675,Normal,gamedata\Tile.png,16,34,N,1,Block,,Objet
Objet677,676,Normal,gamedata\Tile.png,17,34,N,1,Open,,Objet
Objet678,677,Normal,gamedata\Tile.png,18,34,N,1,Open,,Objet
Objet679,678,Normal,gamedata\Tile.png,19,34,Y,1,Open,,Objet
Objet680,679,Normal,gamedata\Tile.png,20,34,Y,1,Open,,Objet
Objet681,680,Normal,gamedata\Tile.png,1,35,N,1,Block,,Objet
Objet682,681,Normal,gamedata\Tile.png,2,35,N,1,Block,,Objet
Objet683,682,Normal,gamedata\Tile.png,3,35,N,1,Block,,Objet
Objet684,683,Normal,gamedata\Tile.png,4,35,N,1,Block,,Objet
Objet685,684,Normal,gamedata\Tile.png,5,35,N,1,Block,,Objet
Objet686,685,Normal,gamedata\Tile.png,6,35,N,1,Block,,Objet
Objet687,686,Normal,gamedata\Tile.png,7,35,N,1,Open,,Objet
Objet688,687,Normal,gamedata\Tile.png,8,35,N,1,Open,,Objet
Objet689,688,Normal,gamedata\Tile.png,9,35,N,1,Open,,Objet
Objet690,689,Normal,gamedata\Tile.png,10,35,N,1,Open,,Objet
Objet691,690,Normal,gamedata\Tile.png,11,35,N,1,Open,,Objet
Objet692,691,Normal,gamedata\Tile.png,12,35,N,1,Open,,Objet
Objet693,692,Normal,gamedata\Tile.png,13,35,N,1,Open,,Objet
Objet694,693,Normal,gamedata\Tile.png,14,35,N,1,Open,,Objet
Objet695,694,Normal,gamedata\Tile.png,15,35,N,1,Open,,Objet
Objet696,695,Normal,gamedata\Tile.png,16,35,N,1,Block,,Objet
Objet697,696,Normal,gamedata\Tile.png,17,35,N,1,Open,,Objet
Objet698,697,Normal,gamedata\Tile.png,18,35,N,1,Block,,Objet
Objet699,698,Normal,gamedata\Tile.png,19,35,N,1,Block,,Objet
Objet700,699,Normal,gamedata\Tile.png,20,35,N,1,Block,,Objet
Objet701,700,Normal,gamedata\Tile.png,1,36,N,1,Block,,Objet
Objet702,701,Normal,gamedata\Tile.png,2,36,N,1,Block,,Objet
Objet703,702,Normal,gamedata\Tile.png,3,36,N,1,Block,,Objet
Objet704,703,Normal,gamedata\Tile.png,4,36,N,1,Block,,Objet
Objet705,704,Normal,gamedata\Tile.png,5,36,N,1,Block,,Objet
Objet706,705,Normal,gamedata\Tile.png,6,36,N,1,Block,,Objet
Objet707,706,Normal,gamedata\Tile.png,7,36,N,1,Block,,Objet
Objet708,707,Normal,gamedata\Tile.png,8,36,N,1,Block,,Objet
Objet709,708,Normal,gamedata\Tile.png,9,36,N,1,Block,,Objet
Objet710,709,Normal,gamedata\Tile.png,10,36,N,1,Block,,Objet
Objet711,710,Normal,gamedata\Tile.png,11,36,N,1,Block,,Objet
Objet712,711,Normal,gamedata\Tile.png,12,36,N,1,Block,,Objet
Objet713,712,Normal,gamedata\Tile.png,13,36,N,1,Block,,Objet
Objet714,713,Normal,gamedata\Tile.png,14,36,N,1,Block,,Objet
Objet715,714,Normal,gamedata\Tile.png,15,36,N,1,Block,,Objet
Objet716,715,Normal,gamedata\Tile.png,16,36,N,1,Block,,Objet
Objet717,716,Normal,gamedata\Tile.png,17,36,N,1,Block,,Objet
Objet718,717,Normal,gamedata\Tile.png,18,36,N,1,Block,,Objet
Objet719,718,Normal,gamedata\Tile.png,19,36,N,1,Block,,Objet
Objet720,719,Normal,gamedata\Tile.png,20,36,N,1,Block,,Objet
Objet721,720,Normal,gamedata\Tile.png,1,37,N,1,Block,,Objet
Objet722,721,Normal,gamedata\Tile.png,2,37,N,1,Block,,Objet
Objet723,722,Normal,gamedata\Tile.png,3,37,N,1,Block,,Objet
Objet724,723,Normal,gamedata\Tile.png,4,37,N,1,Block,,Objet
Objet725,724,Normal,gamedata\Tile.png,5,37,N,1,Block,,Objet
Objet726,725,Normal,gamedata\Tile.png,6,37,N,1,Block,,Objet
Objet727,726,Normal,gamedata\Tile.png,7,37,N,1,Block,,Objet
Objet728,727,Normal,gamedata\Tile.png,8,37,N,1,Block,,Objet
Objet729,728,Normal,gamedata\Tile.png,9,37,N,1,Block,,Objet
Objet730,729,Normal,gamedata\Tile.png,10,37,N,1,Block,,Objet
Objet731,730,Normal,gamedata\Tile.png,11,37,N,1,Block,,Objet
Objet732,731,Normal,gamedata\Tile.png,12,37,N,1,Block,,Objet
Objet733,732,Normal,gamedata\Tile.png,13,37,N,1,Block,,Objet
Objet734,733,Normal,gamedata\Tile.png,14,37,N,1,Block,,Objet
Objet735,734,Normal,gamedata\Tile.png,15,37,N,1,Block,,Objet
Objet736,735,Normal,gamedata\Tile.png,16,37,N,1,Open,,Objet
Objet737,736,Normal,gamedata\Tile.png,17,37,N,1,Block,,Objet
Objet738,737,Normal,gamedata\Tile.png,18,37,N,1,Block,,Objet
Objet739,738,Normal,gamedata\Tile.png,19,37,N,1,Block,,Objet
Objet740,739,Normal,gamedata\Tile.png,20,37,N,1,Block,,Objet
Objet741,740,Normal,gamedata\Tile.png,1,38,N,1,Block,,Objet
Objet742,741,Normal,gamedata\Tile.png,2,38,N,1,Block,,Objet
Objet743,742,Normal,gamedata\Tile.png,3,38,N,1,Block,,Objet
Objet744,743,Normal,gamedata\Tile.png,4,38,N,1,Block,,Objet
Objet745,744,Normal,gamedata\Tile.png,5,38,N,1,Block,,Objet
Objet746,745,Normal,gamedata\Tile.png,6,38,N,1,Block,,Objet
Objet747,746,Normal,gamedata\Tile.png,7,38,N,1,Block,,Objet
Objet748,747,Normal,gamedata\Tile.png,8,38,N,1,Block,,Objet
Objet749,748,Normal,gamedata\Tile.png,9,38,N,1,Block,,Objet
Objet750,749,Normal,gamedata\Tile.png,10,38,N,1,Block,,Objet
Objet751,750,Normal,gamedata\Tile.png,11,38,N,1,Block,,Objet
Objet752,751,Normal,gamedata\Tile.png,12,38,N,1,Open,,Objet
Objet753,752,Normal,gamedata\Tile.png,13,38,N,1,Block,,Objet
Objet754,753,Normal,gamedata\Tile.png,14,38,N,1,Open,,Objet
Objet755,754,Normal,gamedata\Tile.png,15,38,N,1,Open,,Objet
Objet756,755,Normal,gamedata\Tile.png,16,38,N,1,Block,,Objet
Objet757,756,Normal,gamedata\Tile.png,17,38,N,1,Block,,Objet
Objet758,757,Normal,gamedata\Tile.png,18,38,N,1,Block,,Objet
Objet759,758,Normal,gamedata\Tile.png,19,38,N,1,Block,,Objet
Objet760,759,Normal,gamedata\Tile.png,20,38,N,1,Open,,Objet
Objet761,760,Normal,gamedata\Tile.png,1,39,N,1,Block,,Objet
Objet762,761,Normal,gamedata\Tile.png,2,39,N,1,Block,,Objet
Objet763,762,Normal,gamedata\Tile.png,3,39,N,1,Block,,Objet
Objet764,763,Normal,gamedata\Tile.png,4,39,N,1,Block,,Objet
Objet765,764,Normal,gamedata\Tile.png,5,39,N,1,Block,,Objet
Objet766,765,Normal,gamedata\Tile.png,6,39,N,1,Block,,Objet
Objet767,766,Normal,gamedata\Tile.png,7,39,N,1,Block,,Objet
Objet768,767,Normal,gamedata\Tile.png,8,39,N,1,Block,,Objet
Objet769,768,Normal,gamedata\Tile.png,9,39,N,1,Block,,Objet
Objet770,769,Normal,gamedata\Tile.png,10,39,N,1,Block,,Objet
Objet771,770,Normal,gamedata\Tile.png,11,39,N,1,Block,,Objet
Objet772,771,Normal,gamedata\Tile.png,12,39,N,1,Block,,Objet
Objet773,772,Normal,gamedata\Tile.png,13,39,N,1,Block,,Objet
Objet774,773,Normal,gamedata\Tile.png,14,39,N,1,Block,,Objet
Objet775,774,Normal,gamedata\Tile.png,15,39,N,1,Open,,Objet
Objet776,775,Normal,gamedata\Tile.png,16,39,N,1,Block,,Objet
Objet777,776,Normal,gamedata\Tile.png,17,39,N,1,Open,,Objet
Objet778,777,Normal,gamedata\Tile.png,18,39,N,1,Open,,Objet
Objet779,778,Normal,gamedata\Tile.png,19,39,N,1,Block,,Objet
Objet780,779,Normal,gamedata\Tile.png,20,39,N,1,Open,,Objet
Objet781,780,Normal,gamedata\Tile.png,1,40,N,1,Block,,Objet
Objet782,781,Normal,gamedata\Tile.png,2,40,N,1,Block,,Objet
Objet783,782,Normal,gamedata\Tile.png,3,40,N,1,Block,,Objet
Objet784,783,Normal,gamedata\Tile.png,4,40,N,1,Block,,Objet
Objet785,784,Normal,gamedata\Tile.png,5,40,N,1,Block,,Objet
Objet786,785,Normal,gamedata\Tile.png,6,40,N,1,Block,,Objet
Objet787,786,Normal,gamedata\Tile.png,7,40,N,1,Block,,Objet
Objet788,787,Normal,gamedata\Tile.png,8,40,N,1,Block,,Objet
Objet789,788,Normal,gamedata\Tile.png,9,40,N,1,Block,,Objet
Objet790,789,Normal,gamedata\Tile.png,10,40,N,1,Block,,Objet
Objet791,790,Normal,gamedata\Tile.png,11,40,N,1,Block,,Objet
Objet792,791,Normal,gamedata\Tile.png,12,40,N,1,Block,,Objet
Objet793,792,Normal,gamedata\Tile.png,13,40,N,1,Block,,Objet
Objet794,793,Normal,gamedata\Tile.png,14,40,N,1,Block,,Objet
Objet795,794,Normal,gamedata\Tile.png,15,40,N,1,Block,,Objet
Objet796,795,Normal,gamedata\Tile.png,16,40,N,1,Block,,Objet
Objet797,796,Normal,gamedata\Tile.png,17,40,N,1,Block,,Objet
Objet798,797,Normal,gamedata\Tile.png,18,40,N,1,Block,,Objet
Objet799,798,Normal,gamedata\Tile.png,19,40,N,1,Block,,Objet
Objet800,799,Normal,gamedata\Tile.png,20,40,N,1,Open,,Objet
Objet801,800,Normal,gamedata\Tile.png,1,41,N,1,Block,,Objet
Objet802,801,Normal,gamedata\Tile.png,2,41,N,1,Block,,Objet
Objet803,802,Normal,gamedata\Tile.png,3,41,N,1,Block,,Objet
Objet804,803,Normal,gamedata\Tile.png,4,41,N,1,Block,,Objet
Objet805,804,Normal,gamedata\Tile.png,5,41,N,1,Block,,Objet
Objet806,805,Normal,gamedata\Tile.png,6,41,N,1,Block,,Objet
Objet807,806,Normal,gamedata\Tile.png,7,41,N,1,Block,,Objet
Objet808,807,Normal,gamedata\Tile.png,8,41,N,1,Block,,Objet
Objet809,808,Normal,gamedata\Tile.png,9,41,N,1,Block,,Objet
Objet810,809,Normal,gamedata\Tile.png,10,41,N,1,Block,,Objet
Objet811,810,Normal,gamedata\Tile.png,11,41,N,1,Block,,Objet
Objet812,811,Normal,gamedata\Tile.png,12,41,N,1,Block,,Objet
Objet813,812,Normal,gamedata\Tile.png,13,41,N,1,Block,,Objet
Objet814,813,Normal,gamedata\Tile.png,14,41,N,1,Block,,Objet
Objet815,814,Normal,gamedata\Tile.png,15,41,N,1,Block,,Objet
Objet816,815,Normal,gamedata\Tile.png,16,41,N,1,Block,,Objet
Objet817,816,Normal,gamedata\Tile.png,17,41,N,1,Block,,Objet
Objet818,817,Normal,gamedata\Tile.png,18,41,N,1,Block,,Objet
Objet819,818,Normal,gamedata\Tile.png,19,41,N,1,Block,,Objet
Objet820,819,Normal,gamedata\Tile.png,20,41,N,1,Open,,Objet
Objet821,820,Normal,gamedata\Tile.png,1,42,N,1,Block,,Objet
Objet822,821,Normal,gamedata\Tile.png,2,42,N,1,Block,,Objet
Objet823,822,Normal,gamedata\Tile.png,3,42,N,1,Block,,Objet
Objet824,823,Normal,gamedata\Tile.png,4,42,N,1,Block,,Objet
Objet825,824,Normal,gamedata\Tile.png,5,42,N,1,Block,,Objet
Objet826,825,Normal,gamedata\Tile.png,6,42,N,1,Block,,Objet
Objet827,826,Normal,gamedata\Tile.png,7,42,N,1,Block,,Objet
Objet828,827,Normal,gamedata\Tile.png,8,42,N,1,Open,,Objet
Objet829,828,Normal,gamedata\Tile.png,9,42,N,1,Block,,Objet
Objet830,829,Normal,gamedata\Tile.png,10,42,N,1,Block,,Objet
Objet831,830,Normal,gamedata\Tile.png,11,42,N,1,Block,,Objet
Objet832,831,Normal,gamedata\Tile.png,12,42,N,1,Open,,Objet
Objet833,832,Normal,gamedata\Tile.png,13,42,N,1,Block,,Objet
Objet834,833,Normal,gamedata\Tile.png,14,42,N,1,Block,,Objet
Objet835,834,Normal,gamedata\Tile.png,15,42,N,1,Block,,Objet
Objet836,835,Normal,gamedata\Tile.png,16,42,N,1,Block,,Objet
Objet837,836,Normal,gamedata\Tile.png,17,42,N,1,Block,,Objet
Objet838,837,Normal,gamedata\Tile.png,18,42,N,1,Open,,Objet
Objet839,838,Normal,gamedata\Tile.png,19,42,N,1,Open,,Objet
Objet840,839,Normal,gamedata\Tile.png,20,42,N,1,Open,,Objet
Objet841,840,Normal,gamedata\Tile.png,1,43,N,1,Block,,Objet
Objet842,841,Normal,gamedata\Tile.png,2,43,N,1,Block,,Objet
Objet843,842,Normal,gamedata\Tile.png,3,43,N,1,Block,,Objet
Objet844,843,Normal,gamedata\Tile.png,4,43,N,1,Open,,Objet
Objet845,844,Normal,gamedata\Tile.png,5,43,N,1,Open,,Objet
Objet846,845,Normal,gamedata\Tile.png,6,43,N,1,Open,,Objet
Objet847,846,Normal,gamedata\Tile.png,7,43,N,1,Open,,Objet
Objet848,847,Normal,gamedata\Tile.png,8,43,N,1,Block,,Objet
Objet849,848,Normal,gamedata\Tile.png,9,43,N,1,Open,,Objet
Objet850,849,Normal,gamedata\Tile.png,10,43,N,1,Block,,Objet
Objet851,850,Normal,gamedata\Tile.png,11,43,N,1,Block,,Objet
Objet852,851,Normal,gamedata\Tile.png,12,43,N,1,Block,,Objet
Objet853,852,Normal,gamedata\Tile.png,13,43,N,1,Block,,Objet
Objet854,853,Normal,gamedata\Tile.png,14,43,N,1,Block,,Objet
Objet855,854,Normal,gamedata\Tile.png,15,43,N,1,Block,,Objet
Objet856,855,Normal,gamedata\Tile.png,16,43,N,1,Block,,Objet
Objet857,856,Normal,gamedata\Tile.png,17,43,N,1,Block,,Objet
Objet858,857,Normal,gamedata\Tile.png,18,43,N,1,Block,,Objet
Objet859,858,Normal,gamedata\Tile.png,19,43,N,1,Block,,Objet
Objet860,859,Normal,gamedata\Tile.png,20,43,N,1,Open,,Objet
Objet861,860,Normal,gamedata\Tile.png,1,44,N,1,Block,,Objet
Objet862,861,Normal,gamedata\Tile.png,2,44,N,1,Block,,Objet
Objet863,862,Normal,gamedata\Tile.png,3,44,N,1,Block,,Objet
Objet864,863,Normal,gamedata\Tile.png,4,44,N,1,Open,,Objet
Objet865,864,Normal,gamedata\Tile.png,5,44,N,1,Open,,Objet
Objet866,865,Normal,gamedata\Tile.png,6,44,N,1,Open,,Objet
Objet867,866,Normal,gamedata\Tile.png,7,44,N,1,Block,,Objet
Objet868,867,Normal,gamedata\Tile.png,8,44,N,1,Block,,Objet
Objet869,868,Normal,gamedata\Tile.png,9,44,N,1,Block,,Objet
Objet870,869,Normal,gamedata\Tile.png,10,44,N,1,Block,,Objet
Objet871,870,Normal,gamedata\Tile.png,11,44,N,1,Block,,Objet
Objet872,871,Normal,gamedata\Tile.png,12,44,N,1,Block,,Objet
Objet873,872,Normal,gamedata\Tile.png,13,44,N,1,Block,,Objet
Objet874,873,Normal,gamedata\Tile.png,14,44,N,1,Open,,Objet
Objet875,874,Normal,gamedata\Tile.png,15,44,N,1,Block,,Objet
Objet876,875,Normal,gamedata\Tile.png,16,44,N,1,Block,,Objet
Objet877,876,Normal,gamedata\Tile.png,17,44,N,1,Open,,Objet
Objet878,877,Normal,gamedata\Tile.png,18,44,N,1,Block,,Objet
Objet879,878,Normal,gamedata\Tile.png,19,44,N,1,Block,,Objet
Objet880,879,Normal,gamedata\Tile.png,20,44,N,1,Open,,Objet
Objet881,880,Normal,gamedata\Tile.png,1,45,N,1,Block,,Objet
Objet882,881,Normal,gamedata\Tile.png,2,45,N,1,Block,,Objet
Objet883,882,Normal,gamedata\Tile.png,3,45,N,1,Block,,Objet
Objet884,883,Normal,gamedata\Tile.png,4,45,N,1,Block,,Objet
Objet885,884,Normal,gamedata\Tile.png,5,45,N,1,Block,,Objet
Objet886,885,Normal,gamedata\Tile.png,6,45,N,1,Block,,Objet
Objet887,886,Normal,gamedata\Tile.png,7,45,N,1,Open,,Objet
Objet888,887,Normal,gamedata\Tile.png,8,45,N,1,Open,,Objet
Objet889,888,Normal,gamedata\Tile.png,9,45,N,1,Open,,Objet
Objet890,889,Normal,gamedata\Tile.png,10,45,N,1,Open,,Objet
Objet891,890,Normal,gamedata\Tile.png,11,45,N,1,Open,,Objet
Objet892,891,Normal,gamedata\Tile.png,12,45,N,1,Open,,Objet
Objet893,892,Normal,gamedata\Tile.png,13,45,N,1,Open,,Objet
Objet894,893,Normal,gamedata\Tile.png,14,45,N,1,Block,,Objet
Objet895,894,Normal,gamedata\Tile.png,15,45,N,1,Block,,Objet
Objet896,895,Normal,gamedata\Tile.png,16,45,N,1,Block,,Objet
Objet897,896,Normal,gamedata\Tile.png,17,45,N,1,Block,,Objet
Objet898,897,Normal,gamedata\Tile.png,18,45,N,1,Block,,Objet
Objet899,898,Normal,gamedata\Tile.png,19,45,N,1,Block,,Objet
Objet900,899,Normal,gamedata\Tile.png,20,45,N,1,Open,,Objet
Objet901,900,Normal,gamedata\Tile.png,1,46,N,1,Open,,Objet
Objet902,901,Normal,gamedata\Tile.png,2,46,N,1,Open,,Objet
Objet903,902,Normal,gamedata\Tile.png,3,46,N,1,Block,,Objet
Objet904,903,Normal,gamedata\Tile.png,4,46,N,1,Block,,Objet
Objet905,904,Normal,gamedata\Tile.png,5,46,N,1,Block,,Objet
Objet906,905,Normal,gamedata\Tile.png,6,46,N,1,Open,,Objet
Objet907,906,Normal,gamedata\Tile.png,7,46,N,1,Open,,Objet
Objet908,907,Normal,gamedata\Tile.png,8,46,N,1,Open,,Objet
Objet909,908,Normal,gamedata\Tile.png,9,46,N,1,Block,,Objet
Objet910,909,Normal,gamedata\Tile.png,10,46,N,1,Block,,Objet
Objet911,910,Normal,gamedata\Tile.png,11,46,N,1,Open,,Objet
Objet912,911,Normal,gamedata\Tile.png,12,46,N,1,Block,,Objet
Objet913,912,Normal,gamedata\Tile.png,13,46,N,1,Block,,Objet
Objet914,913,Normal,gamedata\Tile.png,14,46,N,1,Block,,Objet
Objet915,914,Normal,gamedata\Tile.png,15,46,N,1,Block,,Objet
Objet916,915,Normal,gamedata\Tile.png,16,46,N,1,Block,,Objet
Objet917,916,Normal,gamedata\Tile.png,17,46,N,1,Block,,Objet
Objet918,917,Normal,gamedata\Tile.png,18,46,N,1,Block,,Objet
Objet919,918,Normal,gamedata\Tile.png,19,46,N,1,Block,,Objet
Objet920,919,Normal,gamedata\Tile.png,20,46,N,1,Open,,Objet
Objet921,920,Normal,gamedata\Tile.png,1,47,N,1,Block,,Objet
Objet922,921,Normal,gamedata\Tile.png,2,47,N,1,Block,,Objet
Objet923,922,Normal,gamedata\Tile.png,3,47,N,1,Block,,Objet
Objet924,923,Normal,gamedata\Tile.png,4,47,N,1,Block,,Objet
Objet925,924,Normal,gamedata\Tile.png,5,47,N,1,Block,,Objet
Objet926,925,Normal,gamedata\Tile.png,6,47,N,1,Block,,Objet
Objet927,926,Normal,gamedata\Tile.png,7,47,N,1,Block,,Objet
Objet928,927,Normal,gamedata\Tile.png,8,47,N,1,Block,,Objet
Objet929,928,Normal,gamedata\Tile.png,9,47,N,1,Block,,Objet
Objet930,929,Normal,gamedata\Tile.png,10,47,N,1,Block,,Objet
Objet931,930,Normal,gamedata\Tile.png,11,47,N,1,Open,,Objet
Objet932,931,Normal,gamedata\Tile.png,12,47,N,1,Open,,Objet
Objet933,932,Normal,gamedata\Tile.png,13,47,N,1,Open,,Objet
Objet934,933,Normal,gamedata\Tile.png,14,47,N,1,Block,,Objet
Objet935,934,Normal,gamedata\Tile.png,15,47,N,1,Block,,Objet
Objet936,935,Normal,gamedata\Tile.png,16,47,N,1,Block,,Objet
Objet937,936,Normal,gamedata\Tile.png,17,47,N,1,Block,,Objet
Objet938,937,Normal,gamedata\Tile.png,18,47,N,1,Block,,Objet
Objet939,938,Normal,gamedata\Tile.png,19,47,N,1,Block,,Objet
Objet940,939,Normal,gamedata\Tile.png,20,47,N,1,Open,,Objet
Objet941,940,Normal,gamedata\Tile.png,1,48,N,1,Open,,Objet
Objet942,941,Normal,gamedata\Tile.png,2,48,N,1,Open,,Objet
Objet943,942,Normal,gamedata\Tile.png,3,48,N,1,Block,,Objet
Objet944,943,Normal,gamedata\Tile.png,4,48,N,1,Block,,Objet
Objet945,944,Normal,gamedata\Tile.png,5,48,N,1,Block,,Objet
Objet946,945,Normal,gamedata\Tile.png,6,48,N,1,Open,,Objet
Objet947,946,Normal,gamedata\Tile.png,7,48,N,1,Block,,Objet
Objet948,947,Normal,gamedata\Tile.png,8,48,N,1,Open,,Objet
Objet949,948,Normal,gamedata\Tile.png,9,48,N,1,Block,,Objet
Objet950,949,Normal,gamedata\Tile.png,10,48,N,1,Block,,Objet
Objet951,950,Normal,gamedata\Tile.png,11,48,N,1,Block,,Objet
Objet952,951,Normal,gamedata\Tile.png,12,48,N,1,Block,,Objet
Objet953,952,Normal,gamedata\Tile.png,13,48,N,1,Block,,Objet
Objet954,953,Normal,gamedata\Tile.png,14,48,N,1,Open,,Objet
Objet955,954,Normal,gamedata\Tile.png,15,48,N,1,Open,,Objet
Objet956,955,Normal,gamedata\Tile.png,16,48,N,1,Open,,Objet
Objet957,956,Normal,gamedata\Tile.png,17,48,N,1,Block,,Objet
Objet958,957,Normal,gamedata\Tile.png,18,48,N,1,Block,,Objet
Objet959,958,Normal,gamedata\Tile.png,19,48,N,1,Block,,Objet
Objet960,959,Normal,gamedata\Tile.png,20,48,N,1,Open,,Objet
Objet961,960,Normal,gamedata\Tile.png,1,49,N,1,Block,,Objet
Objet962,961,Normal,gamedata\Tile.png,2,49,N,1,Block,,Objet
Objet963,962,Normal,gamedata\Tile.png,3,49,N,1,Block,,Objet
Objet964,963,Normal,gamedata\Tile.png,4,49,N,1,Block,,Objet
Objet965,964,Normal,gamedata\Tile.png,5,49,N,1,Open,,Objet
Objet966,965,Normal,gamedata\Tile.png,6,49,N,1,Open,,Objet
Objet967,966,Normal,gamedata\Tile.png,7,49,N,1,Block,,Objet
Objet968,967,Normal,gamedata\Tile.png,8,49,N,1,Block,,Objet
Objet969,968,Normal,gamedata\Tile.png,9,49,N,1,Block,,Objet
Objet970,969,Normal,gamedata\Tile.png,10,49,N,1,Block,,Objet
Objet971,970,Normal,gamedata\Tile.png,11,49,N,1,Block,,Objet
Objet972,971,Normal,gamedata\Tile.png,12,49,N,1,Open,,Objet
Objet973,972,Normal,gamedata\Tile.png,13,49,N,1,Open,,Objet
Objet974,973,Normal,gamedata\Tile.png,14,49,N,1,Block,,Objet
Objet975,974,Normal,gamedata\Tile.png,15,49,N,1,Block,,Objet
Objet976,975,Normal,gamedata\Tile.png,16,49,N,1,Open,,Objet
Objet977,976,Normal,gamedata\Tile.png,17,49,N,1,Block,,Objet
Objet978,977,Normal,gamedata\Tile.png,18,49,N,1,Block,,Objet
Objet979,978,Normal,gamedata\Tile.png,19,49,N,1,Block,,Objet
Objet980,979,Normal,gamedata\Tile.png,20,49,N,1,Open,,Objet
Objet981,980,Normal,gamedata\Tile.png,1,50,N,1,Open,,Objet
Objet982,981,Normal,gamedata\Tile.png,2,50,N,1,Open,,Objet
Objet983,982,Normal,gamedata\Tile.png,3,50,N,1,Block,,Objet
Objet984,983,Normal,gamedata\Tile.png,4,50,N,1,Block,,Objet
Objet985,984,Normal,gamedata\Tile.png,5,50,N,1,Block,,Objet
Objet986,985,Normal,gamedata\Tile.png,6,50,N,1,Block,,Objet
Objet987,986,Normal,gamedata\Tile.png,7,50,N,1,Block,,Objet
Objet988,987,Normal,gamedata\Tile.png,8,50,N,1,Block,,Objet
Objet989,988,Normal,gamedata\Tile.png,9,50,N,1,Block,,Objet
Objet990,989,Normal,gamedata\Tile.png,10,50,N,1,Block,,Objet
Objet991,990,Normal,gamedata\Tile.png,11,50,N,1,Block,,Objet
Objet992,991,Normal,gamedata\Tile.png,12,50,N,1,Block,,Objet
Objet993,992,Normal,gamedata\Tile.png,13,50,N,1,Block,,Objet
Objet994,993,Normal,gamedata\Tile.png,14,50,N,1,Block,,Objet
Objet995,994,Normal,gamedata\Tile.png,15,50,N,1,Block,,Objet
Objet996,995,Normal,gamedata\Tile.png,16,50,N,1,Block,,Objet
Objet997,996,Normal,gamedata\Tile.png,17,50,N,1,Block,,Objet
Objet998,997,Normal,gamedata\Tile.png,18,50,N,1,Block,,Objet
Objet999,998,Normal,gamedata\Tile.png,19,50,N,1,Block,,Objet
Objet1000,999,Normal,gamedata\Tile.png,20,50,N,1,Block,,Objet
Objet1001,1000,Normal,gamedata\Tile.png,1,51,N,1,Block,,Objet
Objet1002,1001,Normal,gamedata\Tile.png,2,51,N,1,Block,,Objet
Objet1003,1002,Normal,gamedata\Tile.png,3,51,N,1,Block,,Objet
Objet1004,1003,Normal,gamedata\Tile.png,4,51,N,1,Block,,Objet
Objet1005,1004,Normal,gamedata\Tile.png,5,51,N,1,Block,,Objet
Objet1006,1005,Normal,gamedata\Tile.png,6,51,N,1,Block,,Objet
Objet1007,1006,Normal,gamedata\Tile.png,7,51,N,1,Block,,Objet
Objet1008,1007,Normal,gamedata\Tile.png,8,51,N,1,Block,,Objet
Objet1009,1008,Normal,gamedata\Tile.png,9,51,N,1,Open,,Objet
Objet1010,1009,Normal,gamedata\Tile.png,10,51,N,1,Block,,Objet
Objet1011,1010,Normal,gamedata\Tile.png,11,51,N,1,Block,,Objet
Objet1012,1011,Normal,gamedata\Tile.png,12,51,N,1,Block,,Objet
Objet1013,1012,Normal,gamedata\Tile.png,13,51,N,1,Block,,Objet
Objet1014,1013,Normal,gamedata\Tile.png,14,51,N,1,Block,,Objet
Objet1015,1014,Normal,gamedata\Tile.png,15,51,N,1,Block,,Objet
Objet1016,1015,Normal,gamedata\Tile.png,16,51,N,1,Block,,Objet
Objet1017,1016,Normal,gamedata\Tile.png,17,51,N,1,Block,,Objet
Objet1018,1017,Normal,gamedata\Tile.png,18,51,N,1,Block,,Objet
Objet1019,1018,Normal,gamedata\Tile.png,19,51,N,1,Block,,Objet
Objet1020,1019,Normal,gamedata\Tile.png,20,51,N,1,Block,,Objet
Objet1021,1020,Normal,gamedata\Tile.png,1,52,N,1,Open,,Objet
Objet1022,1021,Normal,gamedata\Tile.png,2,52,N,1,Open,,Objet
Objet1023,1022,Normal,gamedata\Tile.png,3,52,N,1,Block,,Objet
Objet1024,1023,Normal,gamedata\Tile.png,4,52,N,1,Block,,Objet
Objet1025,1024,Normal,gamedata\Tile.png,5,52,N,1,Block,,Objet
Objet1026,1025,Normal,gamedata\Tile.png,6,52,N,1,Block,,Objet
Objet1027,1026,Normal,gamedata\Tile.png,7,52,N,1,Block,,Objet
Objet1028,1027,Normal,gamedata\Tile.png,8,52,N,1,Block,,Objet
Objet1029,1028,Normal,gamedata\Tile.png,9,52,N,1,Block,,Objet
Objet1030,1029,Normal,gamedata\Tile.png,10,52,N,1,Block,,Objet
Objet1031,1030,Normal,gamedata\Tile.png,11,52,N,1,Block,,Objet
Objet1032,1031,Normal,gamedata\Tile.png,12,52,N,1,Open,,Objet
Objet1033,1032,Normal,gamedata\Tile.png,13,52,N,1,Block,,Objet
Objet1034,1033,Normal,gamedata\Tile.png,14,52,N,1,Open,,Objet
Objet1035,1034,Normal,gamedata\Tile.png,15,52,N,1,Block,,Objet
Objet1036,1035,Normal,gamedata\Tile.png,16,52,N,1,Block,,Objet
Objet1037,1036,Normal,gamedata\Tile.png,17,52,N,1,Block,,Objet
Objet1038,1037,Normal,gamedata\Tile.png,18,52,N,1,Block,,Objet
Objet1039,1038,Normal,gamedata\Tile.png,19,52,N,1,Open,,Objet
Objet1040,1039,Normal,gamedata\Tile.png,20,52,N,1,Block,,Objet
Objet1041,1040,Normal,gamedata\Tile.png,1,53,N,1,Block,,Objet
Objet1042,1041,Normal,gamedata\Tile.png,2,53,N,1,Block,,Objet
Objet1043,1042,Normal,gamedata\Tile.png,3,53,N,1,Block,,Objet
Objet1044,1043,Normal,gamedata\Tile.png,4,53,N,1,Block,,Objet
Objet1045,1044,Normal,gamedata\Tile.png,5,53,N,1,Block,,Objet
Objet1046,1045,Normal,gamedata\Tile.png,6,53,N,1,Block,,Objet
Objet1047,1046,Normal,gamedata\Tile.png,7,53,N,1,Block,,Objet
Objet1048,1047,Normal,gamedata\Tile.png,8,53,N,1,Block,,Objet
Objet1049,1048,Normal,gamedata\Tile.png,9,53,N,1,Block,,Objet
Objet1050,1049,Normal,gamedata\Tile.png,10,53,N,1,Block,,Objet
Objet1051,1050,Normal,gamedata\Tile.png,11,53,N,1,Block,,Objet
Objet1052,1051,Normal,gamedata\Tile.png,12,53,N,1,Block,,Objet
Objet1053,1052,Normal,gamedata\Tile.png,13,53,N,1,Block,,Objet
Objet1054,1053,Normal,gamedata\Tile.png,14,53,N,1,Block,,Objet
Objet1055,1054,Normal,gamedata\Tile.png,15,53,N,1,Block,,Objet
Objet1056,1055,Normal,gamedata\Tile.png,16,53,N,1,Block,,Objet
Objet1057,1056,Normal,gamedata\Tile.png,17,53,N,1,Block,,Objet
Objet1058,1057,Normal,gamedata\Tile.png,18,53,N,1,Block,,Objet
Objet1059,1058,Normal,gamedata\Tile.png,19,53,N,1,Block,,Objet
Objet1060,1059,Normal,gamedata\Tile.png,20,53,N,1,Block,,Objet
Objet1061,1060,Normal,gamedata\Tile.png,1,54,N,1,Block,,Objet
Objet1062,1061,Normal,gamedata\Tile.png,2,54,N,1,Block,,Objet
Objet1063,1062,Normal,gamedata\Tile.png,3,54,N,1,Block,,Objet
Objet1064,1063,Normal,gamedata\Tile.png,4,54,N,1,Block,,Objet
Objet1065,1064,Normal,gamedata\Tile.png,5,54,N,1,Block,,Objet
Objet1066,1065,Normal,gamedata\Tile.png,6,54,N,1,Block,,Objet
Objet1067,1066,Normal,gamedata\Tile.png,7,54,N,1,Block,,Objet
Objet1068,1067,Normal,gamedata\Tile.png,8,54,N,1,Block,,Objet
Objet1069,1068,Normal,gamedata\Tile.png,9,54,N,1,Block,,Objet
Objet1070,1069,Normal,gamedata\Tile.png,10,54,N,1,Block,,Objet
Objet1071,1070,Normal,gamedata\Tile.png,11,54,N,1,Block,,Objet
Objet1072,1071,Normal,gamedata\Tile.png,12,54,N,1,Block,,Objet
